    INSERT INTO Estudios VALUES
    ('Fox'             , '101 Embarcadero, Los Angeles'),
    ('Disney'          , '56 Yankee Boulevard, Los Angeles'),
    ('Paramount'       , '44 Pine St., Los Angeles'),
    ('Universal'       , '23 Universal Studies Dr., Los Angeles'),
    ('Warner Brothers' , '71 Parkway Dr., San Diego');
    

    INSERT INTO Realizadores VALUES 
    ('George Lucas'         , 'A'),
    ('Steven Spielberg'     , 'A'),
    ('Kevin Costner'        , 'B'),
    ('Irvin Kershner'       , 'B'),
    ('Richard Marquand'     , 'A'),
    ('Stephen Herek'        , 'A'),
    ('Penelope Spheeris'    , 'A'),
    ('Roger Allers'         , 'A'),
    ('Mike Gabriel'         , 'A'),
    ('Clint Eastwood'       , 'A'),
    ('Barry Sonnenfeld'     , 'A'),
    ('Merian Cooper'        , 'A'),
    ('John Guillermin'      , 'A'),
    ('Victor Fleming'       , 'C'),
    ('Paul Verhoeven'       , 'B'),
    ('Andrew Davies'        , 'B'),
    ('Tim Burton'           , 'A'),
    ('Tony Scott'           , 'A'),
    ('Stanley Kubrik'       , 'A'),
    ('Baz Luhrmann'         , 'A'),
    ('Oliver Stone'         , 'A');

    INSERT INTO Filmes VALUES 
    ('Star Wars'                 , 1977, 124, true, 'Fox'            , 'George Lucas'),
    ('Empire Strikes Back'       , 1980, 143, true, 'Fox'            , 'Irvin Kershner'),
    ('Return of the Jedi'        , 1983, 165, true, 'Fox'            , 'Richard Marquand'),
    ('Mighty Ducks'              , 1991, 104, true, 'Disney'         , 'Stephen Herek'),
    ('Wayne''s World'            , 1992,  95, true, 'Paramount'      , 'Penelope Spheeris'),
    ('Lion King'                 , 1994, 122, true, 'Disney'         , 'Roger Allers'),
    ('Pocahontas'                , 1995, 115, true, 'Disney'         , 'Mike Gabriel'),
    ('Addams Family'             , 1991, 102, true, 'Paramount'      , 'Barry Sonnenfeld'),
    ('King Kong'                 , 1933, NULL, false, 'Universal'    , 'Merian Cooper'),
    ('King Kong'                 , 1976, 130, true, 'Universal'      , 'John Guillermin'),
    ('Gone With the Wind'        , 1939, 181, false, 'Paramount'     , 'Victor Fleming'),
    ('Basic Instinct'            , 1986, 100, true, 'Paramount'      , 'Paul Verhoeven'),
    ('Total Recall'              , 1990, 110, true, 'Fox'            , 'Paul Verhoeven'),
    ('Indiana Jones'             , 1981, 130, true, 'Universal'      , 'Steven Spielberg'),
    ('The Fugitive'              , 1993, 120, true, 'Universal'      , 'Andrew Davies'),
    ('Bridges of Madison County' , 1995, 147, true, 'Universal'      , 'Clint Eastwood'),
    ('Batman Returns'            , 1992, 122, true, 'Warner Brothers', 'Tim Burton'),
    ('Top Gun'                   , 1986, 145, true, 'Fox',             'Tony Scott'),
    ('Eyes Wide Shut'            , 1999, 148, true, 'Paramount',       'Stanley Kubrik'),
    ('Moulin Rouge'              , 2001, 124, true, 'Fox',             'Baz Luhrmann'),
    ('JFK'                       , 1996, 130, true, 'Fox',             'Oliver Stone' ),
    ('Dances with Wolves'        , 1990, 132, true, 'Fox',             'Kevin Costner' );
    
    INSERT INTO Actores VALUES
    ('Carrie Fisher'         , '123 Maple St., Hollywood'          ,'f', '1955-11-07'),
    ('Mark Hamill'           , '456 Oak Rd., Brentwood'            ,'m', '1950-02-23'),
    ('Harrison Ford'         , '789 Palm Dr., Beverly Hills'       ,'m', '1944-07-13'),
    ('Emilio Estevez'        , '201 California St., Mountain View' ,'m', '1960-03-22'),
    ('Dana Carvey'           , '700 El Camino, Beverly Hills'      ,'f', '1944-04-04'),
    ('Mike Meyers'           , '880 Elm St., Santa Barbara'        ,'m', '1935-06-04'),
    ('Sharon Stone'          , '550 Elm St., Santa Barbara'        ,'f', '1970-05-14'),
    ('Tom Cruise'            , '26 Palm Dr., Hollywood'            ,'m', '1967-08-20'),
    ('Arnold Schwarzenegger' , '83 Lincoln Av., Las Vegas'         ,'m', '1967-08-19'),
    ('Kim Basinger'          , '101 Sprinfield, Santa Monica'      ,'f', '1967-08-12'),
    ('Alec Baldwin'          , '101 Sprinfield, Santa Monica'      ,'m', '1964-01-26'),
    ('Michael Keaton'        , '32 Palm Beach, Santa Monica'       ,'m', '1958-03-02'),
    ('Danny DeVito'          , '18 Rodeo Dr., Beverly Hills'       ,'m', '1946-04-08'),
    ('Michelle Pfeiffer'     , 'Via Venetto 4, Hollywood'          ,'f', '1969-11-14'),
    ('Nicole Kidman'         , '26 Palm Dr., Hollywood'            ,'f', '1969-11-14'),
    ('Meryl Streep'          , 'Meryl House, Beverly Hills'        ,'f', '1961-06-21'),
    ('Kevin Costner'         , '88 Palm Dr., Hollywood'            ,'m', '1965-01-30'),
    ('Clint Eastwood'        , '12 Presley Dr., Beverly Hills'     ,'m', '1946-01-25');
    
    INSERT INTO Participa VALUES 
    ('Star Wars', 1977, 'Carrie Fisher'),
    ('Star Wars', 1977, 'Mark Hamill'),
    ('Star Wars', 1977, 'Harrison Ford'),
    ('Mighty Ducks', 1991, 'Emilio Estevez'),
    ('Wayne''s World', 1992, 'Dana Carvey'),
    ('Wayne''s World', 1992, 'Mike Meyers'),
    ('Empire Strikes Back', 1980, 'Carrie Fisher'),
    ('Return of the Jedi', 1983, 'Carrie Fisher'),
    ('Basic Instinct', 1986, 'Sharon Stone'),
    ('Total Recall', 1990, 'Arnold Schwarzenegger'),
    ('Total Recall', 1990, 'Sharon Stone'),
    ('The Fugitive', 1993, 'Harrison Ford'),
    ('Indiana Jones', 1981, 'Harrison Ford'),
    ('Batman Returns', 1992, 'Michael Keaton'),
    ('Batman Returns', 1992, 'Danny DeVito'),
    ('Batman Returns', 1992, 'Michelle Pfeiffer'),
    ('Eyes Wide Shut', 1999, 'Nicole Kidman'),
    ('Eyes Wide Shut', 1999, 'Tom Cruise'),
    ('Top Gun', 1986, 'Tom Cruise'),
    ('Moulin Rouge', 2001, 'Nicole Kidman'),
    ('Dances with Wolves', 1990, 'Kevin Costner'),
    ('JFK', 1996, 'Kevin Costner'),
    ('Bridges of Madison County', 1995, 'Clint Eastwood'),
    ('Bridges of Madison County', 1995, 'Meryl Streep');

